Classifer,Diffusion Type,Selected Features Count,Accuracy,Precision,Recall,F1-Score,Epochs,Class Counts Before Augmentation,Class Counts After Augmentation,Selected Features,Class Number,class name
BiRNN,UNet,30,0.937239738,0.980295567,0.995,0.987593052,2000,"Counter({0: 4800, 6: 3200, 4: 3200, 5: 3200, 3: 3200, 2: 3200, 7: 3200, 1: 2894})","Counter({0: 4800, 6: 4800, 4: 4800, 1: 4800, 5: 4800, 3: 4800, 2: 4800, 7: 4800})","[0, 1, 2, 3, 4, 5, 12, 13, 21, 23, 24, 26, 28, 29, 43, 45, 48, 50, 57, 58, 70, 73, 78, 81, 82, 83, 84, 85, 86, 87]",0,BenignTraffic
BiRNN,UNet,30,0.937239738,0.769745649,0.794198895,0.781781101,2000,"Counter({0: 4800, 6: 3200, 4: 3200, 5: 3200, 3: 3200, 2: 3200, 7: 3200, 1: 2894})","Counter({0: 4800, 6: 4800, 4: 4800, 1: 4800, 5: 4800, 3: 4800, 2: 4800, 7: 4800})","[0, 1, 2, 3, 4, 5, 12, 13, 21, 23, 24, 26, 28, 29, 43, 45, 48, 50, 57, 58, 70, 73, 78, 81, 82, 83, 84, 85, 86, 87]",1,Brute_Force
BiRNN,UNet,30,0.937239738,0.971465629,0.93625,0.953532782,2000,"Counter({0: 4800, 6: 3200, 4: 3200, 5: 3200, 3: 3200, 2: 3200, 7: 3200, 1: 2894})","Counter({0: 4800, 6: 4800, 4: 4800, 1: 4800, 5: 4800, 3: 4800, 2: 4800, 7: 4800})","[0, 1, 2, 3, 4, 5, 12, 13, 21, 23, 24, 26, 28, 29, 43, 45, 48, 50, 57, 58, 70, 73, 78, 81, 82, 83, 84, 85, 86, 87]",2,DDoS
BiRNN,UNet,30,0.937239738,0.997481108,0.99,0.993726474,2000,"Counter({0: 4800, 6: 3200, 4: 3200, 5: 3200, 3: 3200, 2: 3200, 7: 3200, 1: 2894})","Counter({0: 4800, 6: 4800, 4: 4800, 1: 4800, 5: 4800, 3: 4800, 2: 4800, 7: 4800})","[0, 1, 2, 3, 4, 5, 12, 13, 21, 23, 24, 26, 28, 29, 43, 45, 48, 50, 57, 58, 70, 73, 78, 81, 82, 83, 84, 85, 86, 87]",3,DoS
BiRNN,UNet,30,0.937239738,0.996240602,0.99375,0.994993742,2000,"Counter({0: 4800, 6: 3200, 4: 3200, 5: 3200, 3: 3200, 2: 3200, 7: 3200, 1: 2894})","Counter({0: 4800, 6: 4800, 4: 4800, 1: 4800, 5: 4800, 3: 4800, 2: 4800, 7: 4800})","[0, 1, 2, 3, 4, 5, 12, 13, 21, 23, 24, 26, 28, 29, 43, 45, 48, 50, 57, 58, 70, 73, 78, 81, 82, 83, 84, 85, 86, 87]",4,Mirai
BiRNN,UNet,30,0.937239738,0.989782886,0.96875,0.979153506,2000,"Counter({0: 4800, 6: 3200, 4: 3200, 5: 3200, 3: 3200, 2: 3200, 7: 3200, 1: 2894})","Counter({0: 4800, 6: 4800, 4: 4800, 1: 4800, 5: 4800, 3: 4800, 2: 4800, 7: 4800})","[0, 1, 2, 3, 4, 5, 12, 13, 21, 23, 24, 26, 28, 29, 43, 45, 48, 50, 57, 58, 70, 73, 78, 81, 82, 83, 84, 85, 86, 87]",5,Recon
BiRNN,UNet,30,0.937239738,0.789473684,0.7875,0.788485607,2000,"Counter({0: 4800, 6: 3200, 4: 3200, 5: 3200, 3: 3200, 2: 3200, 7: 3200, 1: 2894})","Counter({0: 4800, 6: 4800, 4: 4800, 1: 4800, 5: 4800, 3: 4800, 2: 4800, 7: 4800})","[0, 1, 2, 3, 4, 5, 12, 13, 21, 23, 24, 26, 28, 29, 43, 45, 48, 50, 57, 58, 70, 73, 78, 81, 82, 83, 84, 85, 86, 87]",6,Spoofing
BiRNN,UNet,30,0.937239738,0.971779141,0.99,0.980804954,2000,"Counter({0: 4800, 6: 3200, 4: 3200, 5: 3200, 3: 3200, 2: 3200, 7: 3200, 1: 2894})","Counter({0: 4800, 6: 4800, 4: 4800, 1: 4800, 5: 4800, 3: 4800, 2: 4800, 7: 4800})","[0, 1, 2, 3, 4, 5, 12, 13, 21, 23, 24, 26, 28, 29, 43, 45, 48, 50, 57, 58, 70, 73, 78, 81, 82, 83, 84, 85, 86, 87]",7,Web-based
BiRNN,DDIM,30,0.934860202,0.981863149,0.9925,0.987152922,2000,"Counter({0: 4800, 6: 3200, 4: 3200, 5: 3200, 3: 3200, 2: 3200, 7: 3200, 1: 2894})","Counter({0: 4800, 6: 4800, 4: 4800, 1: 4800, 5: 4800, 3: 4800, 2: 4800, 7: 4800})","[0, 1, 3, 4, 5, 11, 12, 13, 21, 23, 24, 26, 28, 29, 43, 45, 48, 50, 57, 58, 70, 73, 78, 80, 82, 83, 84, 85, 86, 87]",0,BenignTraffic
BiRNN,DDIM,30,0.934860202,0.769655172,0.770718232,0.770186335,2000,"Counter({0: 4800, 6: 3200, 4: 3200, 5: 3200, 3: 3200, 2: 3200, 7: 3200, 1: 2894})","Counter({0: 4800, 6: 4800, 4: 4800, 1: 4800, 5: 4800, 3: 4800, 2: 4800, 7: 4800})","[0, 1, 3, 4, 5, 11, 12, 13, 21, 23, 24, 26, 28, 29, 43, 45, 48, 50, 57, 58, 70, 73, 78, 80, 82, 83, 84, 85, 86, 87]",1,Brute_Force
BiRNN,DDIM,30,0.934860202,0.971502591,0.9375,0.954198473,2000,"Counter({0: 4800, 6: 3200, 4: 3200, 5: 3200, 3: 3200, 2: 3200, 7: 3200, 1: 2894})","Counter({0: 4800, 6: 4800, 4: 4800, 1: 4800, 5: 4800, 3: 4800, 2: 4800, 7: 4800})","[0, 1, 3, 4, 5, 11, 12, 13, 21, 23, 24, 26, 28, 29, 43, 45, 48, 50, 57, 58, 70, 73, 78, 80, 82, 83, 84, 85, 86, 87]",2,DDoS
BiRNN,DDIM,30,0.934860202,0.98875,0.98875,0.98875,2000,"Counter({0: 4800, 6: 3200, 4: 3200, 5: 3200, 3: 3200, 2: 3200, 7: 3200, 1: 2894})","Counter({0: 4800, 6: 4800, 4: 4800, 1: 4800, 5: 4800, 3: 4800, 2: 4800, 7: 4800})","[0, 1, 3, 4, 5, 11, 12, 13, 21, 23, 24, 26, 28, 29, 43, 45, 48, 50, 57, 58, 70, 73, 78, 80, 82, 83, 84, 85, 86, 87]",3,DoS
BiRNN,DDIM,30,0.934860202,0.995,0.995,0.995,2000,"Counter({0: 4800, 6: 3200, 4: 3200, 5: 3200, 3: 3200, 2: 3200, 7: 3200, 1: 2894})","Counter({0: 4800, 6: 4800, 4: 4800, 1: 4800, 5: 4800, 3: 4800, 2: 4800, 7: 4800})","[0, 1, 3, 4, 5, 11, 12, 13, 21, 23, 24, 26, 28, 29, 43, 45, 48, 50, 57, 58, 70, 73, 78, 80, 82, 83, 84, 85, 86, 87]",4,Mirai
BiRNN,DDIM,30,0.934860202,0.981155779,0.97625,0.978696742,2000,"Counter({0: 4800, 6: 3200, 4: 3200, 5: 3200, 3: 3200, 2: 3200, 7: 3200, 1: 2894})","Counter({0: 4800, 6: 4800, 4: 4800, 1: 4800, 5: 4800, 3: 4800, 2: 4800, 7: 4800})","[0, 1, 3, 4, 5, 11, 12, 13, 21, 23, 24, 26, 28, 29, 43, 45, 48, 50, 57, 58, 70, 73, 78, 80, 82, 83, 84, 85, 86, 87]",5,Recon
BiRNN,DDIM,30,0.934860202,0.776412776,0.79,0.78314746,2000,"Counter({0: 4800, 6: 3200, 4: 3200, 5: 3200, 3: 3200, 2: 3200, 7: 3200, 1: 2894})","Counter({0: 4800, 6: 4800, 4: 4800, 1: 4800, 5: 4800, 3: 4800, 2: 4800, 7: 4800})","[0, 1, 3, 4, 5, 11, 12, 13, 21, 23, 24, 26, 28, 29, 43, 45, 48, 50, 57, 58, 70, 73, 78, 80, 82, 83, 84, 85, 86, 87]",6,Spoofing
BiRNN,DDIM,30,0.934860202,0.978855721,0.98375,0.981296758,2000,"Counter({0: 4800, 6: 3200, 4: 3200, 5: 3200, 3: 3200, 2: 3200, 7: 3200, 1: 2894})","Counter({0: 4800, 6: 4800, 4: 4800, 1: 4800, 5: 4800, 3: 4800, 2: 4800, 7: 4800})","[0, 1, 3, 4, 5, 11, 12, 13, 21, 23, 24, 26, 28, 29, 43, 45, 48, 50, 57, 58, 70, 73, 78, 80, 82, 83, 84, 85, 86, 87]",7,Web-based
BiRNN,DDPM,30,0.938875669,0.982687552,0.993333333,0.987981765,2000,"Counter({0: 4800, 6: 3200, 4: 3200, 5: 3200, 3: 3200, 2: 3200, 7: 3200, 1: 2894})","Counter({0: 4800, 6: 4800, 4: 4800, 1: 4800, 5: 4800, 3: 4800, 2: 4800, 7: 4800})","[0, 1, 2, 3, 4, 5, 12, 13, 21, 23, 24, 26, 28, 29, 43, 45, 48, 50, 57, 58, 70, 73, 78, 80, 82, 83, 84, 85, 86, 87]",0,BenignTraffic
BiRNN,DDPM,30,0.938875669,0.772251309,0.814917127,0.793010753,2000,"Counter({0: 4800, 6: 3200, 4: 3200, 5: 3200, 3: 3200, 2: 3200, 7: 3200, 1: 2894})","Counter({0: 4800, 6: 4800, 4: 4800, 1: 4800, 5: 4800, 3: 4800, 2: 4800, 7: 4800})","[0, 1, 2, 3, 4, 5, 12, 13, 21, 23, 24, 26, 28, 29, 43, 45, 48, 50, 57, 58, 70, 73, 78, 80, 82, 83, 84, 85, 86, 87]",1,Brute_Force
BiRNN,DDPM,30,0.938875669,0.96534018,0.94,0.952501583,2000,"Counter({0: 4800, 6: 3200, 4: 3200, 5: 3200, 3: 3200, 2: 3200, 7: 3200, 1: 2894})","Counter({0: 4800, 6: 4800, 4: 4800, 1: 4800, 5: 4800, 3: 4800, 2: 4800, 7: 4800})","[0, 1, 2, 3, 4, 5, 12, 13, 21, 23, 24, 26, 28, 29, 43, 45, 48, 50, 57, 58, 70, 73, 78, 80, 82, 83, 84, 85, 86, 87]",2,DDoS
BiRNN,DDPM,30,0.938875669,0.991172762,0.9825,0.986817326,2000,"Counter({0: 4800, 6: 3200, 4: 3200, 5: 3200, 3: 3200, 2: 3200, 7: 3200, 1: 2894})","Counter({0: 4800, 6: 4800, 4: 4800, 1: 4800, 5: 4800, 3: 4800, 2: 4800, 7: 4800})","[0, 1, 2, 3, 4, 5, 12, 13, 21, 23, 24, 26, 28, 29, 43, 45, 48, 50, 57, 58, 70, 73, 78, 80, 82, 83, 84, 85, 86, 87]",3,DoS
BiRNN,DDPM,30,0.938875669,0.996240602,0.99375,0.994993742,2000,"Counter({0: 4800, 6: 3200, 4: 3200, 5: 3200, 3: 3200, 2: 3200, 7: 3200, 1: 2894})","Counter({0: 4800, 6: 4800, 4: 4800, 1: 4800, 5: 4800, 3: 4800, 2: 4800, 7: 4800})","[0, 1, 2, 3, 4, 5, 12, 13, 21, 23, 24, 26, 28, 29, 43, 45, 48, 50, 57, 58, 70, 73, 78, 80, 82, 83, 84, 85, 86, 87]",4,Mirai
BiRNN,DDPM,30,0.938875669,0.989834816,0.97375,0.981726528,2000,"Counter({0: 4800, 6: 3200, 4: 3200, 5: 3200, 3: 3200, 2: 3200, 7: 3200, 1: 2894})","Counter({0: 4800, 6: 4800, 4: 4800, 1: 4800, 5: 4800, 3: 4800, 2: 4800, 7: 4800})","[0, 1, 2, 3, 4, 5, 12, 13, 21, 23, 24, 26, 28, 29, 43, 45, 48, 50, 57, 58, 70, 73, 78, 80, 82, 83, 84, 85, 86, 87]",5,Recon
BiRNN,DDPM,30,0.938875669,0.80516129,0.78,0.792380952,2000,"Counter({0: 4800, 6: 3200, 4: 3200, 5: 3200, 3: 3200, 2: 3200, 7: 3200, 1: 2894})","Counter({0: 4800, 6: 4800, 4: 4800, 1: 4800, 5: 4800, 3: 4800, 2: 4800, 7: 4800})","[0, 1, 2, 3, 4, 5, 12, 13, 21, 23, 24, 26, 28, 29, 43, 45, 48, 50, 57, 58, 70, 73, 78, 80, 82, 83, 84, 85, 86, 87]",6,Spoofing
BiRNN,DDPM,30,0.938875669,0.975460123,0.99375,0.984520124,2000,"Counter({0: 4800, 6: 3200, 4: 3200, 5: 3200, 3: 3200, 2: 3200, 7: 3200, 1: 2894})","Counter({0: 4800, 6: 4800, 4: 4800, 1: 4800, 5: 4800, 3: 4800, 2: 4800, 7: 4800})","[0, 1, 2, 3, 4, 5, 12, 13, 21, 23, 24, 26, 28, 29, 43, 45, 48, 50, 57, 58, 70, 73, 78, 80, 82, 83, 84, 85, 86, 87]",7,Web-based
BiRNN,SBGM,30,0.936644854,0.979491386,0.995,0.987184787,2000,"Counter({0: 4800, 6: 3200, 4: 3200, 5: 3200, 3: 3200, 2: 3200, 7: 3200, 1: 2894})","Counter({0: 4800, 6: 4800, 4: 4800, 1: 4800, 5: 4800, 3: 4800, 2: 4800, 7: 4800})","[0, 1, 2, 3, 4, 5, 11, 12, 13, 21, 23, 24, 26, 29, 43, 45, 48, 50, 57, 58, 70, 73, 78, 80, 82, 83, 84, 85, 86, 87]",0,BenignTraffic
BiRNN,SBGM,30,0.936644854,0.771505376,0.79281768,0.782016349,2000,"Counter({0: 4800, 6: 3200, 4: 3200, 5: 3200, 3: 3200, 2: 3200, 7: 3200, 1: 2894})","Counter({0: 4800, 6: 4800, 4: 4800, 1: 4800, 5: 4800, 3: 4800, 2: 4800, 7: 4800})","[0, 1, 2, 3, 4, 5, 11, 12, 13, 21, 23, 24, 26, 29, 43, 45, 48, 50, 57, 58, 70, 73, 78, 80, 82, 83, 84, 85, 86, 87]",1,Brute_Force
BiRNN,SBGM,30,0.936644854,0.980443286,0.94,0.959795788,2000,"Counter({0: 4800, 6: 3200, 4: 3200, 5: 3200, 3: 3200, 2: 3200, 7: 3200, 1: 2894})","Counter({0: 4800, 6: 4800, 4: 4800, 1: 4800, 5: 4800, 3: 4800, 2: 4800, 7: 4800})","[0, 1, 2, 3, 4, 5, 11, 12, 13, 21, 23, 24, 26, 29, 43, 45, 48, 50, 57, 58, 70, 73, 78, 80, 82, 83, 84, 85, 86, 87]",2,DDoS
BiRNN,SBGM,30,0.936644854,0.992424242,0.9825,0.987437186,2000,"Counter({0: 4800, 6: 3200, 4: 3200, 5: 3200, 3: 3200, 2: 3200, 7: 3200, 1: 2894})","Counter({0: 4800, 6: 4800, 4: 4800, 1: 4800, 5: 4800, 3: 4800, 2: 4800, 7: 4800})","[0, 1, 2, 3, 4, 5, 11, 12, 13, 21, 23, 24, 26, 29, 43, 45, 48, 50, 57, 58, 70, 73, 78, 80, 82, 83, 84, 85, 86, 87]",3,DoS
BiRNN,SBGM,30,0.936644854,0.99122807,0.98875,0.989987484,2000,"Counter({0: 4800, 6: 3200, 4: 3200, 5: 3200, 3: 3200, 2: 3200, 7: 3200, 1: 2894})","Counter({0: 4800, 6: 4800, 4: 4800, 1: 4800, 5: 4800, 3: 4800, 2: 4800, 7: 4800})","[0, 1, 2, 3, 4, 5, 11, 12, 13, 21, 23, 24, 26, 29, 43, 45, 48, 50, 57, 58, 70, 73, 78, 80, 82, 83, 84, 85, 86, 87]",4,Mirai
BiRNN,SBGM,30,0.936644854,0.987277354,0.97,0.978562421,2000,"Counter({0: 4800, 6: 3200, 4: 3200, 5: 3200, 3: 3200, 2: 3200, 7: 3200, 1: 2894})","Counter({0: 4800, 6: 4800, 4: 4800, 1: 4800, 5: 4800, 3: 4800, 2: 4800, 7: 4800})","[0, 1, 2, 3, 4, 5, 11, 12, 13, 21, 23, 24, 26, 29, 43, 45, 48, 50, 57, 58, 70, 73, 78, 80, 82, 83, 84, 85, 86, 87]",5,Recon
BiRNN,SBGM,30,0.936644854,0.788293898,0.79125,0.789769183,2000,"Counter({0: 4800, 6: 3200, 4: 3200, 5: 3200, 3: 3200, 2: 3200, 7: 3200, 1: 2894})","Counter({0: 4800, 6: 4800, 4: 4800, 1: 4800, 5: 4800, 3: 4800, 2: 4800, 7: 4800})","[0, 1, 2, 3, 4, 5, 11, 12, 13, 21, 23, 24, 26, 29, 43, 45, 48, 50, 57, 58, 70, 73, 78, 80, 82, 83, 84, 85, 86, 87]",6,Spoofing
BiRNN,SBGM,30,0.936644854,0.971779141,0.99,0.980804954,2000,"Counter({0: 4800, 6: 3200, 4: 3200, 5: 3200, 3: 3200, 2: 3200, 7: 3200, 1: 2894})","Counter({0: 4800, 6: 4800, 4: 4800, 1: 4800, 5: 4800, 3: 4800, 2: 4800, 7: 4800})","[0, 1, 2, 3, 4, 5, 11, 12, 13, 21, 23, 24, 26, 29, 43, 45, 48, 50, 57, 58, 70, 73, 78, 80, 82, 83, 84, 85, 86, 87]",7,Web-based
BiRNN,LDM,30,0.935603807,0.984245439,0.989166667,0.986699917,2000,"Counter({0: 4800, 6: 3200, 4: 3200, 5: 3200, 3: 3200, 2: 3200, 7: 3200, 1: 2894})","Counter({0: 4800, 6: 4800, 4: 4800, 1: 4800, 5: 4800, 3: 4800, 2: 4800, 7: 4800})","[0, 1, 3, 4, 5, 11, 12, 13, 21, 23, 24, 26, 28, 29, 43, 45, 48, 50, 57, 58, 70, 73, 80, 81, 82, 83, 84, 85, 86, 87]",0,BenignTraffic
BiRNN,LDM,30,0.935603807,0.764390897,0.788674033,0.776342624,2000,"Counter({0: 4800, 6: 3200, 4: 3200, 5: 3200, 3: 3200, 2: 3200, 7: 3200, 1: 2894})","Counter({0: 4800, 6: 4800, 4: 4800, 1: 4800, 5: 4800, 3: 4800, 2: 4800, 7: 4800})","[0, 1, 3, 4, 5, 11, 12, 13, 21, 23, 24, 26, 28, 29, 43, 45, 48, 50, 57, 58, 70, 73, 80, 81, 82, 83, 84, 85, 86, 87]",1,Brute_Force
BiRNN,LDM,30,0.935603807,0.959235669,0.94125,0.950157729,2000,"Counter({0: 4800, 6: 3200, 4: 3200, 5: 3200, 3: 3200, 2: 3200, 7: 3200, 1: 2894})","Counter({0: 4800, 6: 4800, 4: 4800, 1: 4800, 5: 4800, 3: 4800, 2: 4800, 7: 4800})","[0, 1, 3, 4, 5, 11, 12, 13, 21, 23, 24, 26, 28, 29, 43, 45, 48, 50, 57, 58, 70, 73, 80, 81, 82, 83, 84, 85, 86, 87]",2,DDoS
BiRNN,LDM,30,0.935603807,0.993710692,0.9875,0.990595611,2000,"Counter({0: 4800, 6: 3200, 4: 3200, 5: 3200, 3: 3200, 2: 3200, 7: 3200, 1: 2894})","Counter({0: 4800, 6: 4800, 4: 4800, 1: 4800, 5: 4800, 3: 4800, 2: 4800, 7: 4800})","[0, 1, 3, 4, 5, 11, 12, 13, 21, 23, 24, 26, 28, 29, 43, 45, 48, 50, 57, 58, 70, 73, 80, 81, 82, 83, 84, 85, 86, 87]",3,DoS
BiRNN,LDM,30,0.935603807,0.996226415,0.99,0.993103448,2000,"Counter({0: 4800, 6: 3200, 4: 3200, 5: 3200, 3: 3200, 2: 3200, 7: 3200, 1: 2894})","Counter({0: 4800, 6: 4800, 4: 4800, 1: 4800, 5: 4800, 3: 4800, 2: 4800, 7: 4800})","[0, 1, 3, 4, 5, 11, 12, 13, 21, 23, 24, 26, 28, 29, 43, 45, 48, 50, 57, 58, 70, 73, 80, 81, 82, 83, 84, 85, 86, 87]",4,Mirai
BiRNN,LDM,30,0.935603807,0.989834816,0.97375,0.981726528,2000,"Counter({0: 4800, 6: 3200, 4: 3200, 5: 3200, 3: 3200, 2: 3200, 7: 3200, 1: 2894})","Counter({0: 4800, 6: 4800, 4: 4800, 1: 4800, 5: 4800, 3: 4800, 2: 4800, 7: 4800})","[0, 1, 3, 4, 5, 11, 12, 13, 21, 23, 24, 26, 28, 29, 43, 45, 48, 50, 57, 58, 70, 73, 80, 81, 82, 83, 84, 85, 86, 87]",5,Recon
BiRNN,LDM,30,0.935603807,0.786885246,0.78,0.783427495,2000,"Counter({0: 4800, 6: 3200, 4: 3200, 5: 3200, 3: 3200, 2: 3200, 7: 3200, 1: 2894})","Counter({0: 4800, 6: 4800, 4: 4800, 1: 4800, 5: 4800, 3: 4800, 2: 4800, 7: 4800})","[0, 1, 3, 4, 5, 11, 12, 13, 21, 23, 24, 26, 28, 29, 43, 45, 48, 50, 57, 58, 70, 73, 80, 81, 82, 83, 84, 85, 86, 87]",6,Spoofing
BiRNN,LDM,30,0.935603807,0.974264706,0.99375,0.983910891,2000,"Counter({0: 4800, 6: 3200, 4: 3200, 5: 3200, 3: 3200, 2: 3200, 7: 3200, 1: 2894})","Counter({0: 4800, 6: 4800, 4: 4800, 1: 4800, 5: 4800, 3: 4800, 2: 4800, 7: 4800})","[0, 1, 3, 4, 5, 11, 12, 13, 21, 23, 24, 26, 28, 29, 43, 45, 48, 50, 57, 58, 70, 73, 80, 81, 82, 83, 84, 85, 86, 87]",7,Web-based
BiRNN,ConditionalDiffusion,30,0.93604997,0.985099338,0.991666667,0.988372093,2000,"Counter({0: 4800, 6: 3200, 4: 3200, 5: 3200, 3: 3200, 2: 3200, 7: 3200, 1: 2894})","Counter({0: 4800, 6: 4800, 4: 4800, 1: 4800, 5: 4800, 3: 4800, 2: 4800, 7: 4800})","[0, 1, 2, 3, 4, 5, 12, 13, 21, 23, 24, 26, 28, 29, 43, 45, 48, 50, 57, 58, 70, 73, 78, 80, 82, 83, 84, 85, 86, 87]",0,BenignTraffic
BiRNN,ConditionalDiffusion,30,0.93604997,0.772665765,0.788674033,0.780587833,2000,"Counter({0: 4800, 6: 3200, 4: 3200, 5: 3200, 3: 3200, 2: 3200, 7: 3200, 1: 2894})","Counter({0: 4800, 6: 4800, 4: 4800, 1: 4800, 5: 4800, 3: 4800, 2: 4800, 7: 4800})","[0, 1, 2, 3, 4, 5, 12, 13, 21, 23, 24, 26, 28, 29, 43, 45, 48, 50, 57, 58, 70, 73, 78, 80, 82, 83, 84, 85, 86, 87]",1,Brute_Force
BiRNN,ConditionalDiffusion,30,0.93604997,0.972868217,0.94125,0.956797967,2000,"Counter({0: 4800, 6: 3200, 4: 3200, 5: 3200, 3: 3200, 2: 3200, 7: 3200, 1: 2894})","Counter({0: 4800, 6: 4800, 4: 4800, 1: 4800, 5: 4800, 3: 4800, 2: 4800, 7: 4800})","[0, 1, 2, 3, 4, 5, 12, 13, 21, 23, 24, 26, 28, 29, 43, 45, 48, 50, 57, 58, 70, 73, 78, 80, 82, 83, 84, 85, 86, 87]",2,DDoS
BiRNN,ConditionalDiffusion,30,0.93604997,0.985037406,0.9875,0.986267166,2000,"Counter({0: 4800, 6: 3200, 4: 3200, 5: 3200, 3: 3200, 2: 3200, 7: 3200, 1: 2894})","Counter({0: 4800, 6: 4800, 4: 4800, 1: 4800, 5: 4800, 3: 4800, 2: 4800, 7: 4800})","[0, 1, 2, 3, 4, 5, 12, 13, 21, 23, 24, 26, 28, 29, 43, 45, 48, 50, 57, 58, 70, 73, 78, 80, 82, 83, 84, 85, 86, 87]",3,DoS
BiRNN,ConditionalDiffusion,30,0.93604997,0.994974874,0.99,0.992481203,2000,"Counter({0: 4800, 6: 3200, 4: 3200, 5: 3200, 3: 3200, 2: 3200, 7: 3200, 1: 2894})","Counter({0: 4800, 6: 4800, 4: 4800, 1: 4800, 5: 4800, 3: 4800, 2: 4800, 7: 4800})","[0, 1, 2, 3, 4, 5, 12, 13, 21, 23, 24, 26, 28, 29, 43, 45, 48, 50, 57, 58, 70, 73, 78, 80, 82, 83, 84, 85, 86, 87]",4,Mirai
BiRNN,ConditionalDiffusion,30,0.93604997,0.985969388,0.96625,0.976010101,2000,"Counter({0: 4800, 6: 3200, 4: 3200, 5: 3200, 3: 3200, 2: 3200, 7: 3200, 1: 2894})","Counter({0: 4800, 6: 4800, 4: 4800, 1: 4800, 5: 4800, 3: 4800, 2: 4800, 7: 4800})","[0, 1, 2, 3, 4, 5, 12, 13, 21, 23, 24, 26, 28, 29, 43, 45, 48, 50, 57, 58, 70, 73, 78, 80, 82, 83, 84, 85, 86, 87]",5,Recon
BiRNN,ConditionalDiffusion,30,0.93604997,0.788293898,0.79125,0.789769183,2000,"Counter({0: 4800, 6: 3200, 4: 3200, 5: 3200, 3: 3200, 2: 3200, 7: 3200, 1: 2894})","Counter({0: 4800, 6: 4800, 4: 4800, 1: 4800, 5: 4800, 3: 4800, 2: 4800, 7: 4800})","[0, 1, 2, 3, 4, 5, 12, 13, 21, 23, 24, 26, 28, 29, 43, 45, 48, 50, 57, 58, 70, 73, 78, 80, 82, 83, 84, 85, 86, 87]",6,Spoofing
BiRNN,ConditionalDiffusion,30,0.93604997,0.968215159,0.99,0.978986403,2000,"Counter({0: 4800, 6: 3200, 4: 3200, 5: 3200, 3: 3200, 2: 3200, 7: 3200, 1: 2894})","Counter({0: 4800, 6: 4800, 4: 4800, 1: 4800, 5: 4800, 3: 4800, 2: 4800, 7: 4800})","[0, 1, 2, 3, 4, 5, 12, 13, 21, 23, 24, 26, 28, 29, 43, 45, 48, 50, 57, 58, 70, 73, 78, 80, 82, 83, 84, 85, 86, 87]",7,Web-based
BiRNN,EBM,30,0.937388459,0.977850697,0.993333333,0.985531211,2000,"Counter({0: 4800, 6: 3200, 4: 3200, 5: 3200, 3: 3200, 2: 3200, 7: 3200, 1: 2894})","Counter({0: 4800, 6: 4800, 4: 4800, 1: 4800, 5: 4800, 3: 4800, 2: 4800, 7: 4800})","[0, 1, 2, 3, 4, 5, 12, 13, 21, 23, 24, 26, 28, 29, 43, 45, 48, 50, 57, 58, 70, 73, 78, 81, 82, 83, 84, 85, 86, 87]",0,BenignTraffic
BiRNN,EBM,30,0.937388459,0.781793842,0.806629834,0.794017675,2000,"Counter({0: 4800, 6: 3200, 4: 3200, 5: 3200, 3: 3200, 2: 3200, 7: 3200, 1: 2894})","Counter({0: 4800, 6: 4800, 4: 4800, 1: 4800, 5: 4800, 3: 4800, 2: 4800, 7: 4800})","[0, 1, 2, 3, 4, 5, 12, 13, 21, 23, 24, 26, 28, 29, 43, 45, 48, 50, 57, 58, 70, 73, 78, 81, 82, 83, 84, 85, 86, 87]",1,Brute_Force
BiRNN,EBM,30,0.937388459,0.966145833,0.9275,0.946428571,2000,"Counter({0: 4800, 6: 3200, 4: 3200, 5: 3200, 3: 3200, 2: 3200, 7: 3200, 1: 2894})","Counter({0: 4800, 6: 4800, 4: 4800, 1: 4800, 5: 4800, 3: 4800, 2: 4800, 7: 4800})","[0, 1, 2, 3, 4, 5, 12, 13, 21, 23, 24, 26, 28, 29, 43, 45, 48, 50, 57, 58, 70, 73, 78, 81, 82, 83, 84, 85, 86, 87]",2,DDoS
BiRNN,EBM,30,0.937388459,0.987484355,0.98625,0.986866792,2000,"Counter({0: 4800, 6: 3200, 4: 3200, 5: 3200, 3: 3200, 2: 3200, 7: 3200, 1: 2894})","Counter({0: 4800, 6: 4800, 4: 4800, 1: 4800, 5: 4800, 3: 4800, 2: 4800, 7: 4800})","[0, 1, 2, 3, 4, 5, 12, 13, 21, 23, 24, 26, 28, 29, 43, 45, 48, 50, 57, 58, 70, 73, 78, 81, 82, 83, 84, 85, 86, 87]",3,DoS
BiRNN,EBM,30,0.937388459,1,0.98875,0.99434318,2000,"Counter({0: 4800, 6: 3200, 4: 3200, 5: 3200, 3: 3200, 2: 3200, 7: 3200, 1: 2894})","Counter({0: 4800, 6: 4800, 4: 4800, 1: 4800, 5: 4800, 3: 4800, 2: 4800, 7: 4800})","[0, 1, 2, 3, 4, 5, 12, 13, 21, 23, 24, 26, 28, 29, 43, 45, 48, 50, 57, 58, 70, 73, 78, 81, 82, 83, 84, 85, 86, 87]",4,Mirai
BiRNN,EBM,30,0.937388459,0.983502538,0.96875,0.976070529,2000,"Counter({0: 4800, 6: 3200, 4: 3200, 5: 3200, 3: 3200, 2: 3200, 7: 3200, 1: 2894})","Counter({0: 4800, 6: 4800, 4: 4800, 1: 4800, 5: 4800, 3: 4800, 2: 4800, 7: 4800})","[0, 1, 2, 3, 4, 5, 12, 13, 21, 23, 24, 26, 28, 29, 43, 45, 48, 50, 57, 58, 70, 73, 78, 81, 82, 83, 84, 85, 86, 87]",5,Recon
BiRNN,EBM,30,0.937388459,0.802763819,0.79875,0.80075188,2000,"Counter({0: 4800, 6: 3200, 4: 3200, 5: 3200, 3: 3200, 2: 3200, 7: 3200, 1: 2894})","Counter({0: 4800, 6: 4800, 4: 4800, 1: 4800, 5: 4800, 3: 4800, 2: 4800, 7: 4800})","[0, 1, 2, 3, 4, 5, 12, 13, 21, 23, 24, 26, 28, 29, 43, 45, 48, 50, 57, 58, 70, 73, 78, 81, 82, 83, 84, 85, 86, 87]",6,Spoofing
BiRNN,EBM,30,0.937388459,0.969362745,0.98875,0.978960396,2000,"Counter({0: 4800, 6: 3200, 4: 3200, 5: 3200, 3: 3200, 2: 3200, 7: 3200, 1: 2894})","Counter({0: 4800, 6: 4800, 4: 4800, 1: 4800, 5: 4800, 3: 4800, 2: 4800, 7: 4800})","[0, 1, 2, 3, 4, 5, 12, 13, 21, 23, 24, 26, 28, 29, 43, 45, 48, 50, 57, 58, 70, 73, 78, 81, 82, 83, 84, 85, 86, 87]",7,Web-based
BiRNN,DiffAutoencoder,30,0.937685901,0.983443709,0.99,0.986710963,2000,"Counter({0: 4800, 6: 3200, 4: 3200, 5: 3200, 3: 3200, 2: 3200, 7: 3200, 1: 2894})","Counter({0: 4800, 6: 4800, 4: 4800, 1: 4800, 5: 4800, 3: 4800, 2: 4800, 7: 4800})","[0, 1, 2, 3, 4, 5, 12, 13, 21, 23, 24, 26, 28, 29, 43, 45, 48, 50, 57, 58, 70, 73, 78, 80, 82, 83, 84, 85, 86, 87]",0,BenignTraffic
BiRNN,DiffAutoencoder,30,0.937685901,0.760471204,0.802486188,0.780913978,2000,"Counter({0: 4800, 6: 3200, 4: 3200, 5: 3200, 3: 3200, 2: 3200, 7: 3200, 1: 2894})","Counter({0: 4800, 6: 4800, 4: 4800, 1: 4800, 5: 4800, 3: 4800, 2: 4800, 7: 4800})","[0, 1, 2, 3, 4, 5, 12, 13, 21, 23, 24, 26, 28, 29, 43, 45, 48, 50, 57, 58, 70, 73, 78, 80, 82, 83, 84, 85, 86, 87]",1,Brute_Force
BiRNN,DiffAutoencoder,30,0.937685901,0.965384615,0.94125,0.953164557,2000,"Counter({0: 4800, 6: 3200, 4: 3200, 5: 3200, 3: 3200, 2: 3200, 7: 3200, 1: 2894})","Counter({0: 4800, 6: 4800, 4: 4800, 1: 4800, 5: 4800, 3: 4800, 2: 4800, 7: 4800})","[0, 1, 2, 3, 4, 5, 12, 13, 21, 23, 24, 26, 28, 29, 43, 45, 48, 50, 57, 58, 70, 73, 78, 80, 82, 83, 84, 85, 86, 87]",2,DDoS
BiRNN,DiffAutoencoder,30,0.937685901,0.989987484,0.98875,0.989368355,2000,"Counter({0: 4800, 6: 3200, 4: 3200, 5: 3200, 3: 3200, 2: 3200, 7: 3200, 1: 2894})","Counter({0: 4800, 6: 4800, 4: 4800, 1: 4800, 5: 4800, 3: 4800, 2: 4800, 7: 4800})","[0, 1, 2, 3, 4, 5, 12, 13, 21, 23, 24, 26, 28, 29, 43, 45, 48, 50, 57, 58, 70, 73, 78, 80, 82, 83, 84, 85, 86, 87]",3,DoS
BiRNN,DiffAutoencoder,30,0.937685901,0.998742138,0.9925,0.995611285,2000,"Counter({0: 4800, 6: 3200, 4: 3200, 5: 3200, 3: 3200, 2: 3200, 7: 3200, 1: 2894})","Counter({0: 4800, 6: 4800, 4: 4800, 1: 4800, 5: 4800, 3: 4800, 2: 4800, 7: 4800})","[0, 1, 2, 3, 4, 5, 12, 13, 21, 23, 24, 26, 28, 29, 43, 45, 48, 50, 57, 58, 70, 73, 78, 80, 82, 83, 84, 85, 86, 87]",4,Mirai
BiRNN,DiffAutoencoder,30,0.937685901,0.99112801,0.9775,0.984266834,2000,"Counter({0: 4800, 6: 3200, 4: 3200, 5: 3200, 3: 3200, 2: 3200, 7: 3200, 1: 2894})","Counter({0: 4800, 6: 4800, 4: 4800, 1: 4800, 5: 4800, 3: 4800, 2: 4800, 7: 4800})","[0, 1, 2, 3, 4, 5, 12, 13, 21, 23, 24, 26, 28, 29, 43, 45, 48, 50, 57, 58, 70, 73, 78, 80, 82, 83, 84, 85, 86, 87]",5,Recon
BiRNN,DiffAutoencoder,30,0.937685901,0.800514801,0.7775,0.788839569,2000,"Counter({0: 4800, 6: 3200, 4: 3200, 5: 3200, 3: 3200, 2: 3200, 7: 3200, 1: 2894})","Counter({0: 4800, 6: 4800, 4: 4800, 1: 4800, 5: 4800, 3: 4800, 2: 4800, 7: 4800})","[0, 1, 2, 3, 4, 5, 12, 13, 21, 23, 24, 26, 28, 29, 43, 45, 48, 50, 57, 58, 70, 73, 78, 80, 82, 83, 84, 85, 86, 87]",6,Spoofing
BiRNN,DiffAutoencoder,30,0.937685901,0.977832512,0.9925,0.985111663,2000,"Counter({0: 4800, 6: 3200, 4: 3200, 5: 3200, 3: 3200, 2: 3200, 7: 3200, 1: 2894})","Counter({0: 4800, 6: 4800, 4: 4800, 1: 4800, 5: 4800, 3: 4800, 2: 4800, 7: 4800})","[0, 1, 2, 3, 4, 5, 12, 13, 21, 23, 24, 26, 28, 29, 43, 45, 48, 50, 57, 58, 70, 73, 78, 80, 82, 83, 84, 85, 86, 87]",7,Web-based
BiRNN,VariationalDiffusion,30,0.933967876,0.972244898,0.9925,0.982268041,2000,"Counter({0: 4800, 6: 3200, 4: 3200, 5: 3200, 3: 3200, 2: 3200, 7: 3200, 1: 2894})","Counter({0: 4800, 6: 4800, 4: 4800, 1: 4800, 5: 4800, 3: 4800, 2: 4800, 7: 4800})","[0, 1, 2, 3, 4, 5, 11, 12, 13, 21, 23, 24, 26, 28, 29, 43, 45, 48, 50, 57, 58, 70, 73, 78, 82, 83, 84, 85, 86, 87]",0,BenignTraffic
BiRNN,VariationalDiffusion,30,0.933967876,0.766666667,0.794198895,0.780189959,2000,"Counter({0: 4800, 6: 3200, 4: 3200, 5: 3200, 3: 3200, 2: 3200, 7: 3200, 1: 2894})","Counter({0: 4800, 6: 4800, 4: 4800, 1: 4800, 5: 4800, 3: 4800, 2: 4800, 7: 4800})","[0, 1, 2, 3, 4, 5, 11, 12, 13, 21, 23, 24, 26, 28, 29, 43, 45, 48, 50, 57, 58, 70, 73, 78, 82, 83, 84, 85, 86, 87]",1,Brute_Force
BiRNN,VariationalDiffusion,30,0.933967876,0.963683528,0.92875,0.945894335,2000,"Counter({0: 4800, 6: 3200, 4: 3200, 5: 3200, 3: 3200, 2: 3200, 7: 3200, 1: 2894})","Counter({0: 4800, 6: 4800, 4: 4800, 1: 4800, 5: 4800, 3: 4800, 2: 4800, 7: 4800})","[0, 1, 2, 3, 4, 5, 11, 12, 13, 21, 23, 24, 26, 28, 29, 43, 45, 48, 50, 57, 58, 70, 73, 78, 82, 83, 84, 85, 86, 87]",2,DDoS
BiRNN,VariationalDiffusion,30,0.933967876,0.994949495,0.985,0.989949749,2000,"Counter({0: 4800, 6: 3200, 4: 3200, 5: 3200, 3: 3200, 2: 3200, 7: 3200, 1: 2894})","Counter({0: 4800, 6: 4800, 4: 4800, 1: 4800, 5: 4800, 3: 4800, 2: 4800, 7: 4800})","[0, 1, 2, 3, 4, 5, 11, 12, 13, 21, 23, 24, 26, 28, 29, 43, 45, 48, 50, 57, 58, 70, 73, 78, 82, 83, 84, 85, 86, 87]",3,DoS
BiRNN,VariationalDiffusion,30,0.933967876,0.99749059,0.99375,0.995616781,2000,"Counter({0: 4800, 6: 3200, 4: 3200, 5: 3200, 3: 3200, 2: 3200, 7: 3200, 1: 2894})","Counter({0: 4800, 6: 4800, 4: 4800, 1: 4800, 5: 4800, 3: 4800, 2: 4800, 7: 4800})","[0, 1, 2, 3, 4, 5, 11, 12, 13, 21, 23, 24, 26, 28, 29, 43, 45, 48, 50, 57, 58, 70, 73, 78, 82, 83, 84, 85, 86, 87]",4,Mirai
BiRNN,VariationalDiffusion,30,0.933967876,0.981012658,0.96875,0.974842767,2000,"Counter({0: 4800, 6: 3200, 4: 3200, 5: 3200, 3: 3200, 2: 3200, 7: 3200, 1: 2894})","Counter({0: 4800, 6: 4800, 4: 4800, 1: 4800, 5: 4800, 3: 4800, 2: 4800, 7: 4800})","[0, 1, 2, 3, 4, 5, 11, 12, 13, 21, 23, 24, 26, 28, 29, 43, 45, 48, 50, 57, 58, 70, 73, 78, 82, 83, 84, 85, 86, 87]",5,Recon
BiRNN,VariationalDiffusion,30,0.933967876,0.795165394,0.78125,0.78814628,2000,"Counter({0: 4800, 6: 3200, 4: 3200, 5: 3200, 3: 3200, 2: 3200, 7: 3200, 1: 2894})","Counter({0: 4800, 6: 4800, 4: 4800, 1: 4800, 5: 4800, 3: 4800, 2: 4800, 7: 4800})","[0, 1, 2, 3, 4, 5, 11, 12, 13, 21, 23, 24, 26, 28, 29, 43, 45, 48, 50, 57, 58, 70, 73, 78, 82, 83, 84, 85, 86, 87]",6,Spoofing
BiRNN,VariationalDiffusion,30,0.933967876,0.969249692,0.985,0.977061376,2000,"Counter({0: 4800, 6: 3200, 4: 3200, 5: 3200, 3: 3200, 2: 3200, 7: 3200, 1: 2894})","Counter({0: 4800, 6: 4800, 4: 4800, 1: 4800, 5: 4800, 3: 4800, 2: 4800, 7: 4800})","[0, 1, 2, 3, 4, 5, 11, 12, 13, 21, 23, 24, 26, 28, 29, 43, 45, 48, 50, 57, 58, 70, 73, 78, 82, 83, 84, 85, 86, 87]",7,Web-based
